id,title,naver_url,original_url,source,published,has_published,image_url
1,"포항시 북구, 아동친화음식점 ‘웰컴키즈존’ 참여업소 모집",,http://www.shinailbo.co.kr/news/articleView.html?idxno=1882733,신아일보,2024.06.02.,Y,https://search.pstatic.net/common/?src=https%3A%2F%2Fimgnews.pstatic.net%2Fimage%2Forigin%2F5364%2F2024%2F06%2F02%2F899498.jpg&type=ofullfill208_208_empty&expire=2&refresh=true
2,출생률 제고를 위한 성욕과 교미의 정치경제학[에디터의창],https://n.news.naver.com/mnews/article/032/0003300833?sid=102,https://www.khan.co.kr/article/202406061726001,경향신문,2024.06.06.,Y,https://search.pstatic.net/common/?src=https%3A%2F%2Fimgnews.pstatic.net%2Fimage%2Forigin%2F032%2F2024%2F06%2F06%2F3300833.jpg&type=f200_200&expire=2&refresh=true
3,[36.5˚C] 나이 든 국회의 국민연금 개혁,https://n.news.naver.com/mnews/article/469/0000804894?sid=110,https://www.hankookilbo.com/News/Read/A2024060306290003239?did=NA,한국일보,2024.06.04.,Y,https://search.pstatic.net/common/?src=https%3A%2F%2Fimgnews.pstatic.net%2Fimage%2Forigin%2F469%2F2024%2F06%2F04%2F804894.jpg&type=ofullfill208_208_empty&expire=2&refresh=true
4,“존재 자체로 싫어 오지마”…‘노 시니어 존’이 후려치는 것,https://n.news.naver.com/mnews/article/028/0002693504?sid=110,https://www.hani.co.kr/arti/opinion/column/1144633.html,한겨레,2024.06.13.,Y,https://search.pstatic.net/common/?src=https%3A%2F%2Fimgnews.pstatic.net%2Fimage%2Forigin%2F028%2F2024%2F06%2F13%2F2693504.jpg&type=ofullfill208_208_empty&expire=2&refresh=true
5,“아줌마 출입 금지”… 헬스장 ‘노줌마존’ 놓고 시끌,https://n.news.naver.com/mnews/article/005/0001702846?sid=102,https://www.kmib.co.kr/article/view.asp?arcid=0020193130&code=61121111&cp=nv,국민일보,2024.06.12.,Y,https://search.pstatic.net/common/?src=https%3A%2F%2Fimgnews.pstatic.net%2Fimage%2Forigin%2F005%2F2024%2F06%2F12%2F1702846.jpg&type=f200_200&expire=2&refresh=true
6,"‘아줌마 출입금지’ 선언 헬스장 “탈의실에 대변까지, 어쩔 수 없었다...",https://n.news.naver.com/mnews/article/023/0003840040?sid=102,https://www.chosun.com/national/national_general/2024/06/13/CVYWHYMDZFBBPO72GYVHZ5I4RA/?utm_source=naver&utm_medium=referral&utm_campaign=naver-news,조선일보,2024.06.13.,Y,https://search.pstatic.net/common/?src=https%3A%2F%2Fimgnews.pstatic.net%2Fimage%2Forigin%2F023%2F2024%2F06%2F13%2F3840040.jpg&type=f200_200&expire=2&refresh=true
7,'아줌마 출입금지' 붙인 헬스장…'아줌마와 여자 구별법'도 적었다,https://n.news.naver.com/mnews/article/025/0003366093?sid=102,https://www.joongang.co.kr/article/25255554,중앙일보,2024.06.11.,Y,https://search.pstatic.net/common/?src=https%3A%2F%2Fimgnews.pstatic.net%2Fimage%2Forigin%2F025%2F2024%2F06%2F11%2F3366093.jpg&type=f200_200&expire=2&refresh=true
8,"'아줌마 출입 금지' 헬스장 논란... ""교양 있는 여성만 출입 가능""",https://n.news.naver.com/mnews/article/469/0000806189?sid=102,https://www.hankookilbo.com/News/Read/A2024061110520004565?did=NA,한국일보,2024.06.11.,Y,https://search.pstatic.net/common/?src=https%3A%2F%2Fimgnews.pstatic.net%2Fimage%2Forigin%2F469%2F2024%2F06%2F11%2F806189.jpg&type=f200_200&expire=2&refresh=true
9,성동 ‘서울서베이’ 행복지수 상승률 1위,https://n.news.naver.com/mnews/article/081/0003457084?sid=102,https://www.seoul.co.kr/news/publicnews/seoul_local/news_seoul/2024/06/12/20240612010013?wlog_tag3=naver,서울신문,2024.06.12.,Y,https://search.pstatic.net/common/?src=https%3A%2F%2Fimgnews.pstatic.net%2Fimage%2Forigin%2F081%2F2024%2F06%2F12%2F3457084.jpg&type=f200_200&expire=2&refresh=true
10,"성동구 행복지수 성장률 '1위', 모든 문항 상위 기록",,https://www.asiatoday.co.kr/view.php?key=20240611010005045,아시아투데이,2024.06.11.,Y,https://search.pstatic.net/common/?src=https%3A%2F%2Fimgnews.pstatic.net%2Fimage%2Forigin%2F5268%2F2024%2F06%2F11%2F1960646.jpg&type=ofullfill208_208_empty&expire=2&refresh=true
11,"성동구, 2023 서울서베이 행복지수 상승률 1위 기록",,http://www.shinailbo.co.kr/news/articleView.html?idxno=1887082,신아일보,2024.06.12.,Y,https://search.pstatic.net/common/?src=https%3A%2F%2Fimgnews.pstatic.net%2Fimage%2Forigin%2F5364%2F2024%2F06%2F12%2F903074.jpg&type=ofullfill208_208_empty&expire=2&refresh=true
12,출생률 제고를 위한 성욕과 교미의 정치경제학 [플랫],https://n.news.naver.com/mnews/article/032/0003301649?sid=110,https://www.khan.co.kr/article/202406111613001,경향신문,2024.06.11.,Y,https://search.pstatic.net/common/?src=https%3A%2F%2Fimgnews.pstatic.net%2Fimage%2Forigin%2F032%2F2024%2F06%2F11%2F3301649.jpg&type=ofullfill208_208_empty&expire=2&refresh=true
13,아이들이 가꾸어 나가는 ‘어린이 식당’…따뜻한 공간 경험까지,https://n.news.naver.com/mnews/article/028/0002693113?sid=102,https://www.hani.co.kr/arti/society/schooling/1144231.html,한겨레,2024.06.10.,Y,https://search.pstatic.net/common/?src=https%3A%2F%2Fimgnews.pstatic.net%2Fimage%2Forigin%2F028%2F2024%2F06%2F10%2F2693113.jpg&type=f200_200&expire=2&refresh=true
15,"울진군, 아동친화음식점 ‘웰컴키즈존’ 참여업소 모집",,http://www.shinailbo.co.kr/news/articleView.html?idxno=1889129,신아일보,2024.06.16.,Y,https://search.pstatic.net/common/?src=https%3A%2F%2Fimgnews.pstatic.net%2Fimage%2Forigin%2F5364%2F2024%2F06%2F16%2F904807.jpg&type=ofullfill208_208_empty&expire=2&refresh=true
16,“청년층에 출산이 가치 있다는 인식 심어 줘야”[인구대반전 지금이 골...,https://n.news.naver.com/mnews/article/081/0003459276?sid=102,https://www.seoul.co.kr/news/2024/06/21/20240621006006?wlog_tag3=naver,서울신문,2024.06.21.,Y,https://search.pstatic.net/common/?src=https%3A%2F%2Fimgnews.pstatic.net%2Fimage%2Forigin%2F081%2F2024%2F06%2F21%2F3459276.jpg&type=f200_200&expire=2&refresh=true
17,"‘아줌마 출입 금지’…英 BBC, 인천 헬스장 논란 보도",https://n.news.naver.com/mnews/article/023/0003840488?sid=104,https://www.chosun.com/international/international_general/2024/06/15/7E5KKF75SRFW7GE5R527IV4GQY/?utm_source=naver&utm_medium=referral&utm_campaign=naver-news,조선일보,2024.06.15.,Y,https://search.pstatic.net/common/?src=https%3A%2F%2Fimgnews.pstatic.net%2Fimage%2Forigin%2F023%2F2024%2F06%2F15%2F3840488.jpg&type=f200_200&expire=2&refresh=true
18,국제논쟁 불붙은 ‘아줌마 출입금지’…BBC도 韓 헬스장 논란 집중 조명,https://n.news.naver.com/mnews/article/021/0002643147?sid=104,https://www.munhwa.com/news/view.html?no=2024061501039930178002,문화일보,2024.06.15.,Y,https://search.pstatic.net/common/?src=https%3A%2F%2Fimgnews.pstatic.net%2Fimage%2Forigin%2F021%2F2024%2F06%2F15%2F2643147.jpg&type=f200_200&expire=2&refresh=true
19,"BBC, 헬스장 ‘아줌마 출입금지’ 문구에 “특정 연령 그룹에 대한 불관...",https://n.news.naver.com/mnews/article/032/0003302450?sid=102,https://www.khan.co.kr/article/202406151742001,경향신문,2024.06.15.,Y,https://search.pstatic.net/common/?src=https%3A%2F%2Fimgnews.pstatic.net%2Fimage%2Forigin%2F032%2F2024%2F06%2F15%2F3302450.jpg&type=f200_200&expire=2&refresh=true
20,"'아줌마 출입금지' 이어…""노인 등록불가"" 호텔 헬스장 발칵",https://n.news.naver.com/mnews/article/025/0003367374?sid=102,https://www.joongang.co.kr/article/25256985,중앙일보,2024.06.17.,Y,https://search.pstatic.net/common/?src=https%3A%2F%2Fimgnews.pstatic.net%2Fimage%2Forigin%2F025%2F2024%2F06%2F17%2F3367374.jpg&type=f200_200&expire=2&refresh=true
21,'아줌마 출입금지'라는 혐오의 자유 [36.5˚C],https://n.news.naver.com/mnews/article/469/0000807304?sid=110,https://www.hankookilbo.com/News/Read/A2024061716390003231?did=NA,한국일보,2024.06.18.,Y,https://search.pstatic.net/common/?src=https%3A%2F%2Fimgnews.pstatic.net%2Fimage%2Forigin%2F469%2F2024%2F06%2F18%2F807304.jpg&type=ofullfill208_208_empty&expire=2&refresh=true
22,“화장실 두고 왜”…식당서 아이 소변 본 페트병 놓고 간 부부,https://n.news.naver.com/mnews/article/081/0003458022?sid=102,https://www.seoul.co.kr/news/society/2024/06/16/20240616500060?wlog_tag3=naver,서울신문,2024.06.16.,Y,https://search.pstatic.net/common/?src=https%3A%2F%2Fimgnews.pstatic.net%2Fimage%2Forigin%2F081%2F2024%2F06%2F16%2F3458022.jpg&type=f200_200&expire=2&refresh=true
23,“‘아줌마 금지’ 女혐오 목적으로 작성한 것 아냐”,https://n.news.naver.com/mnews/article/022/0003941969?sid=102,http://www.segye.com/newsView/20240615504309?OutUrl=naver,세계일보,2024.06.15.,Y,https://search.pstatic.net/common/?src=https%3A%2F%2Fimgnews.pstatic.net%2Fimage%2Forigin%2F022%2F2024%2F06%2F15%2F3941969.jpg&type=f200_200&expire=2&refresh=true
24,주인공 정치만 있고 관찰자 정치가 없다 [2030의 정치학],https://n.news.naver.com/mnews/article/469/0000807469?sid=110,https://www.hankookilbo.com/News/Read/A2024061813550004192?did=NA,한국일보,2024.06.18.,Y,https://search.pstatic.net/common/?src=https%3A%2F%2Fimgnews.pstatic.net%2Fimage%2Forigin%2F469%2F2024%2F06%2F18%2F807469.jpg&type=ofullfill208_208_empty&expire=2&refresh=true
27,"노키즈, 노아줌마, 노실버… 당신도 거부당할 수 있습니다",https://n.news.naver.com/mnews/article/023/0003841753?sid=102,https://www.chosun.com/national/weekend/2024/06/22/OFWRAKW7P5HE3LOVTKL5MOQZSU/?utm_source=naver&utm_medium=referral&utm_campaign=naver-news,조선일보,2024.06.22.,Y,https://search.pstatic.net/common/?src=https%3A%2F%2Fimgnews.pstatic.net%2Fimage%2Forigin%2F023%2F2024%2F06%2F22%2F3841753.jpg&type=f200_200&expire=2&refresh=true
28,요즘 호텔 수영장엔 아이들이 없네… 이유를 이제 알았다,https://n.news.naver.com/mnews/article/023/0003842428?sid=101,https://www.chosun.com/economy/industry-company/2024/06/26/OCZ2ESM5EZB25NHS5JR46M6YJE/?utm_source=naver&utm_medium=referral&utm_campaign=naver-news,조선일보,2024.06.26.,Y,https://search.pstatic.net/common/?src=https%3A%2F%2Fimgnews.pstatic.net%2Fimage%2Forigin%2F023%2F2024%2F06%2F26%2F3842428.jpg&type=f200_200&expire=2&refresh=true
29,"놀이터 '공놀이 금지' 경고문… ""어린이 인권침해"" 관리사무소 상대 소...",https://n.news.naver.com/mnews/article/469/0000808593?sid=102,https://www.hankookilbo.com/News/Read/A2024062510420001760?did=NA,한국일보,2024.06.25.,Y,https://search.pstatic.net/common/?src=https%3A%2F%2Fimgnews.pstatic.net%2Fimage%2Forigin%2F469%2F2024%2F06%2F25%2F808593.jpg&type=f200_200&expire=2&refresh=true
30,“19세 넘어야 출입”…호텔들 ‘노키즈 수영장’ 도입,https://n.news.naver.com/mnews/article/021/0002645714?sid=102,https://www.munhwa.com/news/view.html?no=2024062901039910183001,문화일보,2024.06.29.,Y,https://search.pstatic.net/common/?src=https%3A%2F%2Fimgnews.pstatic.net%2Fimage%2Forigin%2F021%2F2024%2F06%2F29%2F2645714.jpg&type=f200_200&expire=2&refresh=true
31,‘놀이터 공놀이 금지’ 아파트 관리실 “설명 불충분” 사과,https://n.news.naver.com/mnews/article/020/0003573982?sid=102,https://www.donga.com/news/Society/article/all/20240702/125732423/2,동아일보,2024.07.02.,Y,https://search.pstatic.net/common/?src=https%3A%2F%2Fimgnews.pstatic.net%2Fimage%2Forigin%2F020%2F2024%2F07%2F02%2F3573982.jpg&type=f200_200&expire=2&refresh=true
32,"청량한 소설이 만든 그늘, 기이한 이야기가 일으킨 바람 속으로",https://n.news.naver.com/mnews/article/023/0003843148?sid=103,https://www.chosun.com/culture-life/book/2024/06/29/M7OWH2FIBNCGHKYVOI3LCDK7XU/?utm_source=naver&utm_medium=referral&utm_campaign=naver-news,조선일보,2024.06.29.,Y,https://search.pstatic.net/common/?src=https%3A%2F%2Fimgnews.pstatic.net%2Fimage%2Forigin%2F023%2F2024%2F06%2F29%2F3843148.jpg&type=f200_200&expire=2&refresh=true
33,놀이터 ‘공놀이 금지’ 소송기…엄마는 UN에 진정서도 보냈다,https://n.news.naver.com/mnews/article/028/0002697583?sid=102,https://www.hani.co.kr/arti/society/society_general/1148635.html,한겨레,2024.07.11.,Y,https://search.pstatic.net/common/?src=https%3A%2F%2Fimgnews.pstatic.net%2Fimage%2Forigin%2F028%2F2024%2F07%2F11%2F2697583.jpg&type=f200_200&expire=2&refresh=true
34,“아이들이 직접 아동정책 만들고 제안해요”,https://n.news.naver.com/mnews/article/021/0002649286?sid=102,https://www.munhwa.com/news/view.html?no=2024071801072906089001,문화일보,2024.07.18.,Y,https://search.pstatic.net/common/?src=https%3A%2F%2Fimgnews.pstatic.net%2Fimage%2Forigin%2F021%2F2024%2F07%2F18%2F2649286.jpg&type=f200_200&expire=2&refresh=true
35,"세이브더칠드런, 대한민국 아동총회 지역대회 개최",https://n.news.naver.com/mnews/article/020/0003576318?sid=102,https://www.donga.com/news/Society/article/all/20240715/125936046/1,동아일보,2024.07.15.,Y,https://search.pstatic.net/common/?src=https%3A%2F%2Fimgnews.pstatic.net%2Fimage%2Forigin%2F020%2F2024%2F07%2F15%2F3576318.jpg&type=f200_200&expire=2&refresh=true
36,“문 안잡아줘 아이 다쳤다?” 팔 끼인 아이 부모 먼저 나간 이에 소송,https://n.news.naver.com/mnews/article/021/0002650577?sid=102,https://www.munhwa.com/news/view.html?no=2024072501039910274009,문화일보,2024.07.25.,Y,https://search.pstatic.net/common/?src=https%3A%2F%2Fimgnews.pstatic.net%2Fimage%2Forigin%2F021%2F2024%2F07%2F25%2F2650577.jpg&type=f200_200&expire=2&refresh=true
37,가게 문에 손 끼인 아이… 직전 문 연 손님에 배상 요구한 부모,https://n.news.naver.com/mnews/article/023/0003847966?sid=102,https://www.chosun.com/national/national_general/2024/07/23/D75ZH3BIINC23OPZZSSBG4CVUU/?utm_source=naver&utm_medium=referral&utm_campaign=naver-news,조선일보,2024.07.23.,Y,https://search.pstatic.net/common/?src=https%3A%2F%2Fimgnews.pstatic.net%2Fimage%2Forigin%2F023%2F2024%2F07%2F23%2F3847966.jpg&type=f200_200&expire=2&refresh=true
38,긍정 메시지 앞세워야 할 저출생 대책[시평],https://n.news.naver.com/mnews/article/021/0002650643?sid=110,https://www.munhwa.com/news/view.html?no=2024072501033011000002,문화일보,2024.07.25.,Y,https://search.pstatic.net/common/?src=https%3A%2F%2Fimgnews.pstatic.net%2Fimage%2Forigin%2F021%2F2024%2F07%2F25%2F2650643.jpg&type=ofullfill208_208_empty&expire=2&refresh=true
39,서울시 “노키즈존 막는다”…웰컴키즈 안심보험 출시,https://n.news.naver.com/mnews/article/005/0001713963?sid=102,https://www.kmib.co.kr/article/view.asp?arcid=0020355612&code=61122011&cp=nv,국민일보,2024.07.28.,Y,https://search.pstatic.net/common/?src=https%3A%2F%2Fimgnews.pstatic.net%2Fimage%2Forigin%2F005%2F2024%2F07%2F28%2F1713963.jpg&type=f200_200&expire=2&refresh=true
40,서울시 “노키즈존 막는다”… 웰컴키즈 안심보험 출시,https://n.news.naver.com/mnews/article/005/0001714072?sid=102,https://www.kmib.co.kr/article/view.asp?arcid=1722150596&code=11131400&cp=nv,국민일보,2024.07.29.,Y,https://search.pstatic.net/common/?src=https%3A%2F%2Fimgnews.pstatic.net%2Fimage%2Forigin%2F005%2F2024%2F07%2F29%2F1714072.jpg&type=f200_200&expire=2&refresh=true
41,식당 어린이 사고 배상..서울시 ‘웰컴키즈 안심보험’ 출시,https://n.news.naver.com/mnews/article/023/0003848984?sid=102,https://www.chosun.com/national/national_general/2024/07/28/FEN7VST3QNGBRINKVZ2HCPYPWA/?utm_source=naver&utm_medium=referral&utm_campaign=naver-news,조선일보,2024.07.28.,Y,https://search.pstatic.net/common/?src=https%3A%2F%2Fimgnews.pstatic.net%2Fimage%2Forigin%2F023%2F2024%2F07%2F28%2F3848984.jpg&type=f200_200&expire=2&refresh=true
42,노키즈존 줄인다…식당·카페 안전사고 최대 2000만원 보상,,https://www.asiatoday.co.kr/view.php?key=20240727010017131,아시아투데이,2024.07.28.,Y,https://search.pstatic.net/common/?src=https%3A%2F%2Fimgnews.pstatic.net%2Fimage%2Forigin%2F5268%2F2024%2F07%2F28%2F1980177.jpg&type=ofullfill208_208_empty&expire=2&refresh=true
43,"""호텔서도 애들한테 시달릴래?"" 에어비앤비 광고, '노키즈존' 조장 논란",https://n.news.naver.com/mnews/article/469/0000814642?sid=102,https://www.hankookilbo.com/News/Read/A2024072615220004549?did=NA,한국일보,2024.07.27.,Y,https://search.pstatic.net/common/?src=https%3A%2F%2Fimgnews.pstatic.net%2Fimage%2Forigin%2F469%2F2024%2F07%2F27%2F814642.jpg&type=f200_200&expire=2&refresh=true
44,‘웰컴키즈 안심보험’ 전국 첫 출시…음식점·카페 사고 최대 2000만원...,https://n.news.naver.com/mnews/article/032/0003311207?sid=102,https://www.khan.co.kr/article/202407281115001,경향신문,2024.07.28.,Y,https://search.pstatic.net/common/?src=https%3A%2F%2Fimgnews.pstatic.net%2Fimage%2Forigin%2F032%2F2024%2F07%2F28%2F3311207.jpg&type=f200_200&expire=2&refresh=true
45,어린이 안전사고 보장 ‘웰컴키즈 안심보험’ 출시,https://n.news.naver.com/mnews/article/020/0003578980?sid=102,https://www.donga.com/news/Society/article/all/20240728/126168368/2,동아일보,2024.07.29.,Y,https://search.pstatic.net/common/?src=https%3A%2F%2Fmimgnews.pstatic.net%2Fimage%2Fupload%2Foffice_logo%2F020%2F2017%2F01%2F05%2Flogo_020_18_20170105111205.png&type=f54_54&expire=24&refresh=true
46,"카페·음식점서 어린이 ‘미끌’, ‘화상’우려? …서울시, “2000만원까...",https://n.news.naver.com/mnews/article/021/0002651115?sid=101,https://www.munhwa.com/news/view.html?no=2024072801039910159007,문화일보,2024.07.28.,Y,https://search.pstatic.net/common/?src=https%3A%2F%2Fimgnews.pstatic.net%2Fimage%2Forigin%2F021%2F2024%2F07%2F28%2F2651115.jpg&type=f200_200&expire=2&refresh=true
47,“노키즈존 없애주세요” 아동들 요구에…정부는 ‘시늉’만 냈다,https://n.news.naver.com/mnews/article/028/0002701940?sid=102,https://www.hani.co.kr/arti/society/rights/1152886.html,한겨레,2024.08.08.,Y,https://search.pstatic.net/common/?src=https%3A%2F%2Fimgnews.pstatic.net%2Fimage%2Forigin%2F028%2F2024%2F08%2F08%2F2701940.jpg&type=f200_200&expire=2&refresh=true
48,"광명시, 아이들 눈높이로 아동 차별 없는 행복 도시 만든다",,http://www.shinailbo.co.kr/news/articleView.html?idxno=1915309,신아일보,2024.08.09.,Y,https://search.pstatic.net/common/?src=https%3A%2F%2Fimgnews.pstatic.net%2Fimage%2Forigin%2F5364%2F2024%2F08%2F09%2F926443.jpg&type=ofullfill208_208_empty&expire=2&refresh=true
49,"[대한민국 갈등넘어 통합으로] 차별·혐오 부추기는 'NO 존'... ""공동체·...",,https://www.asiatoday.co.kr/view.php?key=20240812010005957,아시아투데이,2024.08.11.,Y,https://search.pstatic.net/common/?src=https%3A%2F%2Fimgnews.pstatic.net%2Fimage%2Forigin%2F5268%2F2024%2F08%2F11%2F1986017.jpg&type=f200_200&expire=2&refresh=true
50,[어디로 가야하죠①] 할아버지도 아주머니도 아이도…NO NO NO,,https://www.asiatoday.co.kr/view.php?key=20240811010005829,아시아투데이,2024.08.11.,Y,https://search.pstatic.net/common/?src=https%3A%2F%2Fimgnews.pstatic.net%2Fimage%2Forigin%2F5268%2F2024%2F08%2F11%2F1985952.jpg&type=f200_200&expire=2&refresh=true
51,"‘노키즈존’ 술집에 아이 데려온 손님, 입장 막자 “배불렀네”",https://n.news.naver.com/mnews/article/023/0003854749?sid=102,https://www.chosun.com/national/national_general/2024/08/26/L36XQM7MHJHR5JB5OCL7ZHIZ24/?utm_source=naver&utm_medium=referral&utm_campaign=naver-news,조선일보,2024.08.26.,Y,https://search.pstatic.net/common/?src=https%3A%2F%2Fimgnews.pstatic.net%2Fimage%2Forigin%2F023%2F2024%2F08%2F26%2F3854749.jpg&type=f200_200&expire=2&refresh=true
52,“배가 불렀네!”…술집인데 ‘노키즈존’ 욕먹을 일인가요?[이슈픽],https://n.news.naver.com/mnews/article/081/0003475085?sid=102,https://www.seoul.co.kr/news/society/accident/2024/08/26/20240826500220?wlog_tag3=naver,서울신문,2024.08.26.,Y,https://search.pstatic.net/common/?src=https%3A%2F%2Fimgnews.pstatic.net%2Fimage%2Forigin%2F081%2F2024%2F08%2F26%2F3475085.jpg&type=f200_200&expire=2&refresh=true
53,"“어른6, 아이1인데 안 받아? 배가 불렀네”…맥줏집 왔다가 ‘노키즈존...",https://n.news.naver.com/mnews/article/022/0003963151?sid=102,http://www.segye.com/newsView/20240826513015?OutUrl=naver,세계일보,2024.08.26.,Y,https://search.pstatic.net/common/?src=https%3A%2F%2Fimgnews.pstatic.net%2Fimage%2Forigin%2F022%2F2024%2F08%2F26%2F3963151.jpg&type=f200_200&expire=2&refresh=true
54,“울음 소리 듣기 싫어”…비행기 화장실에 1살 아이 가둔 승객들,https://n.news.naver.com/mnews/article/023/0003855621?sid=104,https://www.chosun.com/international/international_general/2024/08/30/FOALZB4MHFHHPPC46PGJYDBGHY/?utm_source=naver&utm_medium=referral&utm_campaign=naver-news,조선일보,2024.08.30.,Y,https://search.pstatic.net/common/?src=https%3A%2F%2Fimgnews.pstatic.net%2Fimage%2Forigin%2F023%2F2024%2F08%2F30%2F3855621.jpg&type=f200_200&expire=2&refresh=true
55,“양해도 없이 매장에 돗자리 깔고 아이들 놀게 해”… 자영업자의 토로,https://n.news.naver.com/mnews/article/023/0003855450?sid=102,https://www.chosun.com/national/national_general/2024/08/29/KFQHUNXOYRDFVAWP23O57YZ5KM/?utm_source=naver&utm_medium=referral&utm_campaign=naver-news,조선일보,2024.08.29.,Y,https://search.pstatic.net/common/?src=https%3A%2F%2Fimgnews.pstatic.net%2Fimage%2Forigin%2F023%2F2024%2F08%2F29%2F3855450.jpg&type=f200_200&expire=2&refresh=true
56,"여의도 풍선, 이태원 육교…MZ ‘뷰 맛집’은 따로 있다",https://n.news.naver.com/mnews/article/025/0003383042?sid=103,https://www.joongang.co.kr/article/25274116,중앙일보,2024.08.30.,Y,https://search.pstatic.net/common/?src=https%3A%2F%2Fimgnews.pstatic.net%2Fimage%2Forigin%2F025%2F2024%2F08%2F30%2F3383042.jpg&type=f200_200&expire=2&refresh=true
57,"""맥줏집, 아이 안 받는다"" 손님 거절한 사장에…""배불렀네"" 조롱",https://n.news.naver.com/mnews/article/025/0003382118?sid=102,https://www.joongang.co.kr/article/25273160,중앙일보,2024.08.26.,Y,https://search.pstatic.net/common/?src=https%3A%2F%2Fimgnews.pstatic.net%2Fimage%2Forigin%2F025%2F2024%2F08%2F26%2F3382118.jpg&type=f200_200&expire=2&refresh=true
58,MZ들 '서울 뷰 맛집' 따로 있다…지름 22m 풍선 타는 이곳,https://n.news.naver.com/mnews/article/025/0003382528?sid=103,https://www.joongang.co.kr/article/25273581,중앙일보,2024.08.28.,Y,https://search.pstatic.net/common/?src=https%3A%2F%2Fimgnews.pstatic.net%2Fimage%2Forigin%2F025%2F2024%2F08%2F28%2F3382528.jpg&type=f200_200&expire=2&refresh=true
59,[카페 2030] ‘웰컴 키즈존’에도 예의는 있다,https://n.news.naver.com/mnews/article/023/0003856982?sid=110,https://www.chosun.com/opinion/cafe_2040/2024/09/06/AO7LDV6DLBF4RA2RM7GWZ3VCQ4/?utm_source=naver&utm_medium=referral&utm_campaign=naver-news,조선일보,2024.09.06.,Y,https://search.pstatic.net/common/?src=https%3A%2F%2Fimgnews.pstatic.net%2Fimage%2Forigin%2F023%2F2024%2F09%2F06%2F3856982.jpg&type=ofullfill208_208_empty&expire=2&refresh=true
60,“우는 소리 시끄러워” 1살 아기 비행기 화장실에 가둔 중국 여성들,https://n.news.naver.com/mnews/article/022/0003964691?sid=104,http://www.segye.com/newsView/20240831500967?OutUrl=naver,세계일보,2024.08.31.,Y,https://search.pstatic.net/common/?src=https%3A%2F%2Fimgnews.pstatic.net%2Fimage%2Forigin%2F022%2F2024%2F08%2F31%2F3964691.jpg&type=f200_200&expire=2&refresh=true
61,“한국선 유모차보다 ‘개모차’ 더 팔려”,https://n.news.naver.com/mnews/article/028/0002706710?sid=104,https://www.hani.co.kr/arti/international/america/1157754.html,한겨레,2024.09.09.,Y,https://search.pstatic.net/common/?src=https%3A%2F%2Fimgnews.pstatic.net%2Fimage%2Forigin%2F028%2F2024%2F09%2F09%2F2706710.jpg&type=f200_200&expire=2&refresh=true
62,“출산율 꼴찌 한국 유모차보다 ‘개모차’ 더 팔려”,https://n.news.naver.com/mnews/article/005/0001724093?sid=104,https://www.kmib.co.kr/article/view.asp?arcid=0020509232&code=61131111&cp=nv,국민일보,2024.09.10.,Y,https://search.pstatic.net/common/?src=https%3A%2F%2Fimgnews.pstatic.net%2Fimage%2Forigin%2F005%2F2024%2F09%2F10%2F1724093.jpg&type=f200_200&expire=2&refresh=true
63,아이들을 대하는 어른들의 시선이 좀 더 따뜻했으면 [왜냐면],https://n.news.naver.com/mnews/article/028/0002706703?sid=110,https://www.hani.co.kr/arti/opinion/because/1157747.html,한겨레,2024.09.09.,Y,https://search.pstatic.net/common/?src=https%3A%2F%2Fimgnews.pstatic.net%2Fimage%2Forigin%2F028%2F2024%2F09%2F09%2F2706703.jpg&type=ofullfill208_208_empty&expire=2&refresh=true
64,"'아이와 함께' 인스타 크리에이터 마이민 ""확실한 콘셉트와 꾸준함이 성...",https://n.news.naver.com/mnews/article/469/0000822032?sid=102,https://www.hankookilbo.com/News/Read/A2024090517110005596?did=NA,한국일보,2024.09.07.,Y,https://search.pstatic.net/common/?src=https%3A%2F%2Fimgnews.pstatic.net%2Fimage%2Forigin%2F469%2F2024%2F09%2F07%2F822032.jpg&type=f200_200&expire=2&refresh=true
65,"""조용히 했는데도 '노 키즈 존' 카페에서 내쫓긴 어린이...부끄러움이 밀...",https://n.news.naver.com/mnews/article/469/0000827292?sid=103,https://www.hankookilbo.com/News/Read/A2024100920250000949?did=NA,한국일보,2024.10.11.,Y,https://search.pstatic.net/common/?src=https%3A%2F%2Fimgnews.pstatic.net%2Fimage%2Forigin%2F469%2F2024%2F10%2F11%2F827292.jpg&type=f200_200&expire=2&refresh=true
66,"영등포구의회, 2024년 하반기 청소년 의회교실 개최",,http://www.shinailbo.co.kr/news/articleView.html?idxno=1941432,신아일보,2024.10.08.,Y,https://search.pstatic.net/common/?src=https%3A%2F%2Fimgnews.pstatic.net%2Fimage%2Forigin%2F5364%2F2024%2F10%2F08%2F947870.jpg&type=ofullfill208_208_empty&expire=2&refresh=true
67,"'노줌마존'까지 등장…전문가들 ""'노○○'하면 결국 모두가 손해""",https://n.news.naver.com/mnews/article/025/0003392932?sid=102,https://www.joongang.co.kr/article/25283762,중앙일보,2024.10.12.,Y,https://search.pstatic.net/common/?src=https%3A%2F%2Fimgnews.pstatic.net%2Fimage%2Forigin%2F025%2F2024%2F10%2F12%2F3392932.jpg&type=f200_200&expire=2&refresh=true
68,아이들이 의견 밝힐 공론의 장 마련,https://n.news.naver.com/mnews/article/020/0003592278?sid=102,https://www.donga.com/news/Society/article/all/20241014/130205228/1,동아일보,2024.10.15.,Y,https://search.pstatic.net/common/?src=https%3A%2F%2Fimgnews.pstatic.net%2Fimage%2Forigin%2F020%2F2024%2F10%2F15%2F3592278.jpg&type=f200_200&expire=2&refresh=true
69,[And 여행] 하얀 눈꽃 내린 듯… 올 가을엔 꽃길만 걷자,https://n.news.naver.com/mnews/article/005/0001731929?sid=103,https://www.kmib.co.kr/article/view.asp?arcid=1729039706&code=14170000&cp=nv,국민일보,2024.10.17.,Y,https://search.pstatic.net/common/?src=https%3A%2F%2Fimgnews.pstatic.net%2Fimage%2Forigin%2F005%2F2024%2F10%2F17%2F1731929.jpg&type=f200_200&expire=2&refresh=true
70,"창녕군 남지청소년문화의집, 청소년축제 ‘Yes! Youth Zone 2’ 성황리 개...",,http://www.shinailbo.co.kr/news/articleView.html?idxno=1943949,신아일보,2024.10.14.,Y,https://search.pstatic.net/common/?src=https%3A%2F%2Fimgnews.pstatic.net%2Fimage%2Forigin%2F5364%2F2024%2F10%2F14%2F949935.jpg&type=ofullfill208_208_empty&expire=2&refresh=true
71,흑백요리사 식당에 없는 아기의자 [2030의 정치학],https://n.news.naver.com/mnews/article/469/0000827973?sid=110,https://www.hankookilbo.com/News/Read/A2024101513550001076?did=NA,한국일보,2024.10.15.,Y,https://search.pstatic.net/common/?src=https%3A%2F%2Fimgnews.pstatic.net%2Fimage%2Forigin%2F469%2F2024%2F10%2F15%2F827973.jpg&type=ofullfill208_208_empty&expire=2&refresh=true
72,"흑백요리사 돌연 ‘노키즈존’ 논란, 왜 [여러분 생각은]",https://n.news.naver.com/mnews/article/005/0001732377?sid=102,https://www.kmib.co.kr/article/view.asp?arcid=0020636498&code=61121111&cp=nv,국민일보,2024.10.19.,Y,https://search.pstatic.net/common/?src=https%3A%2F%2Fimgnews.pstatic.net%2Fimage%2Forigin%2F005%2F2024%2F10%2F19%2F1732377.jpg&type=f200_200&expire=2&refresh=true
73,회색도시 깨우는 아이들의 ‘생생한 리듬’[도시풍경],https://n.news.naver.com/mnews/article/021/0002667468?sid=103,https://www.munhwa.com/news/view.html?no=2024102501032718316001,문화일보,2024.10.25.,Y,https://search.pstatic.net/common/?src=https%3A%2F%2Fimgnews.pstatic.net%2Fimage%2Forigin%2F021%2F2024%2F10%2F25%2F2667468.jpg&type=f200_200&expire=2&refresh=true
74,‘NO시니어존’ 스포츠시설에 “인권 차별”… 인권위 판단,https://n.news.naver.com/mnews/article/005/0001734394?sid=102,https://www.kmib.co.kr/article/view.asp?arcid=0020666211&code=61121111&cp=nv,국민일보,2024.10.28.,Y,https://search.pstatic.net/common/?src=https%3A%2F%2Fimgnews.pstatic.net%2Fimage%2Forigin%2F005%2F2024%2F10%2F28%2F1734394.jpg&type=f200_200&expire=2&refresh=true
75,[횡설수설/정임수]“말 걸지 마세요” 노키즈 노줌마 이어 노실버존까지,https://n.news.naver.com/mnews/article/020/0003595042?sid=110,https://www.donga.com/news/Opinion/article/all/20241029/130321948/2,동아일보,2024.10.29.,Y,https://search.pstatic.net/common/?src=https%3A%2F%2Fimgnews.pstatic.net%2Fimage%2Forigin%2F020%2F2024%2F10%2F29%2F3595042.jpg&type=ofullfill208_208_empty&expire=2&refresh=true
76,“어르신들 말 걸어 운동 못해”… 헬스장-카페 ‘노실버존’ 논란,https://n.news.naver.com/mnews/article/020/0003594878?sid=102,https://www.donga.com/news/Society/article/all/20241029/130313826/2,동아일보,2024.10.29.,Y,https://search.pstatic.net/common/?src=https%3A%2F%2Fimgnews.pstatic.net%2Fimage%2Forigin%2F020%2F2024%2F10%2F29%2F3594878.jpg&type=f200_200&expire=2&refresh=true
77,“더 놀아주세요” 사장님 퇴근에 울어버린 아기 손님 [아살세],https://n.news.naver.com/mnews/article/005/0001734052?sid=102,https://www.kmib.co.kr/article/view.asp?arcid=0020651680&code=61122023&cp=nv,국민일보,2024.10.26.,Y,https://search.pstatic.net/common/?src=https%3A%2F%2Fimgnews.pstatic.net%2Fimage%2Forigin%2F005%2F2024%2F10%2F26%2F1734052.jpg&type=f200_200&expire=2&refresh=true
78,"경북도의회, 청소년의회교실 큰 호응 속 마무리",https://n.news.naver.com/mnews/article/081/0003492323?sid=102,https://www.seoul.co.kr/news/publicnews/local_govern/news_local/2024/11/04/20241104500208?wlog_tag3=naver,서울신문,2024.11.04.,Y,https://search.pstatic.net/common/?src=https%3A%2F%2Fimgnews.pstatic.net%2Fimage%2Forigin%2F081%2F2024%2F11%2F04%2F3492323.jpg&type=f200_200&expire=2&refresh=true
79,[어린이 책]예의와 배려가 있어야 다정함이 오간답니다,https://n.news.naver.com/mnews/article/020/0003595856?sid=103,https://www.donga.com/news/Culture/article/all/20241101/130344291/2,동아일보,2024.11.02.,Y,https://search.pstatic.net/common/?src=https%3A%2F%2Fimgnews.pstatic.net%2Fimage%2Forigin%2F020%2F2024%2F11%2F02%2F3595856.jpg&type=f200_200&expire=2&refresh=true
80,노키즈 넘어 노시니어·노타투존…당신도 언젠가 차별받는다,https://n.news.naver.com/mnews/article/469/0000832404?sid=102,https://www.hankookilbo.com/News/Read/A2024103121450002932?did=NA,한국일보,2024.11.10.,Y,https://search.pstatic.net/common/?src=https%3A%2F%2Fimgnews.pstatic.net%2Fimage%2Forigin%2F469%2F2024%2F11%2F10%2F832404.jpg&type=f200_200&expire=2&refresh=true
81,"[에바 존의 문화산책] 반려견, 어린이, 노인…다 같이 함께 살 수는 없을...",https://n.news.naver.com/mnews/article/025/0003400420?sid=110,https://www.joongang.co.kr/article/25291887,중앙일보,2024.11.14.,Y,https://search.pstatic.net/common/?src=https%3A%2F%2Fimgnews.pstatic.net%2Fimage%2Forigin%2F025%2F2024%2F11%2F14%2F3400420.jpg&type=ofullfill208_208_empty&expire=2&refresh=true
82,"“어린이도, 청소년도, 심지어 어른도 ‘어른’이 필요하죠” [.txt]",https://n.news.naver.com/mnews/article/028/0002717405?sid=103,https://www.hani.co.kr/arti/culture/book/1168636.html,한겨레,2024.11.22.,Y,https://search.pstatic.net/common/?src=https%3A%2F%2Fimgnews.pstatic.net%2Fimage%2Forigin%2F028%2F2024%2F11%2F22%2F2717405.jpg&type=f200_200&expire=2&refresh=true
83,"나는, 우리는… 어떤 어른일까",https://n.news.naver.com/mnews/article/081/0003497421?sid=103,https://www.seoul.co.kr/news/life/publication-literature/2024/11/22/20241122022003?wlog_tag3=naver,서울신문,2024.11.22.,Y,https://search.pstatic.net/common/?src=https%3A%2F%2Fimgnews.pstatic.net%2Fimage%2Forigin%2F081%2F2024%2F11%2F22%2F3497421.jpg&type=f200_200&expire=2&refresh=true
84,"포항 북구, 아동친화음식점 ‘웰컴키즈존’ 20개소 운영",,http://www.shinailbo.co.kr/news/articleView.html?idxno=1966132,신아일보,2024.11.24.,Y,https://search.pstatic.net/common/?src=https%3A%2F%2Fmimgnews.pstatic.net%2Fimage%2Fupload%2Foffice_logo%2F5364%2F2024%2F05%2F30%2Flogo_5364_18_20240530182757.png&type=f54_54&expire=24&refresh=true
85,"“어릴 적 친절 베푼 어른들, 유년기 신스틸러로 남아”",https://n.news.naver.com/mnews/article/020/0003600570?sid=103,https://www.donga.com/news/Culture/article/all/20241126/130510636/2,동아일보,2024.11.27.,Y,https://search.pstatic.net/common/?src=https%3A%2F%2Fimgnews.pstatic.net%2Fimage%2Forigin%2F020%2F2024%2F11%2F27%2F3600570.jpg&type=f200_200&expire=2&refresh=true
86,[새로 나온 책] 보리 생태 사전 외,https://n.news.naver.com/mnews/article/022/0003988267?sid=103,http://www.segye.com/newsView/20241121517966?OutUrl=naver,세계일보,2024.11.23.,Y,https://search.pstatic.net/common/?src=https%3A%2F%2Fimgnews.pstatic.net%2Fimage%2Forigin%2F022%2F2024%2F11%2F23%2F3988267.jpg&type=f200_200&expire=2&refresh=true
87,“최선의 어른 되기… 어린이를 공존할 존재로 먼저 보세요”,https://n.news.naver.com/mnews/article/021/0002675288?sid=103,https://www.munhwa.com/news/view.html?no=2024120201032212053001,문화일보,2024.12.02.,Y,https://search.pstatic.net/common/?src=https%3A%2F%2Fimgnews.pstatic.net%2Fimage%2Forigin%2F021%2F2024%2F12%2F02%2F2675288.jpg&type=f200_200&expire=2&refresh=true
88,[책과 세상] 하나코는 없다 외,https://n.news.naver.com/mnews/article/469/0000836084?sid=103,https://www.hankookilbo.com/News/Read/A2024112809490002343?did=NA,한국일보,2024.11.30.,Y,https://search.pstatic.net/common/?src=https%3A%2F%2Fimgnews.pstatic.net%2Fimage%2Forigin%2F469%2F2024%2F11%2F30%2F836084.jpg&type=f200_200&expire=2&refresh=true
89,“아동출입제한업소 확산 방지”… 전국 첫 조례 제정한 제주,https://n.news.naver.com/mnews/article/081/0003501829?sid=102,https://www.seoul.co.kr/news/plan/2024/12/09/20241209024002?wlog_tag3=naver,서울신문,2024.12.09.,Y,https://search.pstatic.net/common/?src=https%3A%2F%2Fimgnews.pstatic.net%2Fimage%2Forigin%2F081%2F2024%2F12%2F09%2F3501829.jpg&type=f200_200&expire=2&refresh=true
90,"""30세 미만 오지 마세요""…나이 확 올린 美 '노키즈존' 식당 등장",https://n.news.naver.com/mnews/article/025/0003408930?sid=104,https://www.joongang.co.kr/article/25301119,중앙일보,2024.12.19.,Y,https://search.pstatic.net/common/?src=https%3A%2F%2Fimgnews.pstatic.net%2Fimage%2Forigin%2F025%2F2024%2F12%2F19%2F3408930.jpg&type=f200_200&expire=2&refresh=true
91,“30세 미만은 입장 안 돼요”...미국에 등장한 ‘노키즈존’,https://n.news.naver.com/mnews/article/021/0002678964?sid=104,https://www.munhwa.com/news/view.html?no=2024121801039909284002,문화일보,2024.12.18.,Y,https://search.pstatic.net/common/?src=https%3A%2F%2Fimgnews.pstatic.net%2Fimage%2Forigin%2F021%2F2024%2F12%2F18%2F2678964.jpg&type=f200_200&expire=2&refresh=true
92,"“총기 소지한 청년들이...” 美식당, 30세 미만 출입 금지한 이유",https://n.news.naver.com/mnews/article/023/0003877288?sid=104,https://www.chosun.com/international/international_general/2024/12/18/VFFCJLYUB5AOBI6HQNVIJ54TW4/?utm_source=naver&utm_medium=referral&utm_campaign=naver-news,조선일보,2024.12.18.,Y,https://search.pstatic.net/common/?src=https%3A%2F%2Fimgnews.pstatic.net%2Fimage%2Forigin%2F023%2F2024%2F12%2F18%2F3877288.jpg&type=f200_200&expire=2&refresh=true
93,“잘파세대 못 들어와” 미국서 ‘30세 미만 출입제한’ 식당 등장에 시...,https://n.news.naver.com/mnews/article/081/0003504632?sid=104,https://nownews.seoul.co.kr/news/newsView.php?id=20241218601012&wlog_tag3=naver,서울신문,2024.12.18.,Y,https://search.pstatic.net/common/?src=https%3A%2F%2Fimgnews.pstatic.net%2Fimage%2Forigin%2F081%2F2024%2F12%2F18%2F3504632.jpg&type=f200_200&expire=2&refresh=true
94,아직도 작은 턱 앞에서 돌아선다...모두에게 열린 1층을 만들자[김원영...,https://n.news.naver.com/mnews/article/025/0003410315?sid=110,https://www.joongang.co.kr/article/25302630,중앙일보,2024.12.25.,Y,https://search.pstatic.net/common/?src=https%3A%2F%2Fimgnews.pstatic.net%2Fimage%2Forigin%2F025%2F2024%2F12%2F25%2F3410315.jpg&type=ofullfill208_208_empty&expire=2&refresh=true
95,"“이대로 가다간 ‘천만국가’…‘알바들의 공화국’ 선언, 노동가치 높...",https://n.news.naver.com/mnews/article/081/0003508063?sid=102,https://www.seoul.co.kr/news/editOpinion/column/people-story-lsn/2025/01/02/20250102029001?wlog_tag3=naver,서울신문,2025.01.02.,Y,https://search.pstatic.net/common/?src=https%3A%2F%2Fimgnews.pstatic.net%2Fimage%2Forigin%2F081%2F2025%2F01%2F02%2F3508063.jpg&type=f200_200&expire=2&refresh=true
96,“아이 소변 닦은 냅킨을 쟁반에 올려 반납하다니…”,https://n.news.naver.com/mnews/article/020/0003610641?sid=102,https://www.donga.com/news/Society/article/all/20250117/130881847/2,동아일보,2025.01.17.,Y,https://search.pstatic.net/common/?src=https%3A%2F%2Fimgnews.pstatic.net%2Fimage%2Forigin%2F020%2F2025%2F01%2F17%2F3610641.jpg&type=f200_200&expire=2&refresh=true
97,"완주군 아동옴부즈퍼슨사무소, 아동친화상점 현판식 개최",,http://www.shinailbo.co.kr/news/articleView.html?idxno=1995435,신아일보,2025.01.21.,Y,https://search.pstatic.net/common/?src=https%3A%2F%2Fimgnews.pstatic.net%2Fimage%2Forigin%2F5364%2F2025%2F01%2F21%2F992747.jpg&type=ofullfill208_208_empty&expire=2&refresh=true
98,"완주군, '아이러브존'으로 아동친화도시 앞장",,http://www.shinailbo.co.kr/news/articleView.html?idxno=2000922,신아일보,2025.02.05.,Y,https://search.pstatic.net/common/?src=https%3A%2F%2Fimgnews.pstatic.net%2Fimage%2Forigin%2F5364%2F2025%2F02%2F05%2F997331.jpg&type=ofullfill208_208_empty&expire=2&refresh=true
99,우는 게 부끄럽지 않아… 우린 페미니스트 어린이니까[어린이 책],https://n.news.naver.com/mnews/article/021/0002688458?sid=103,https://www.munhwa.com/news/view.html?no=2025020701031812000001,문화일보,2025.02.07.,Y,https://search.pstatic.net/common/?src=https%3A%2F%2Fimgnews.pstatic.net%2Fimage%2Forigin%2F021%2F2025%2F02%2F07%2F2688458.jpg&type=f200_200&expire=2&refresh=true
100,"""아이동반가족을 환영합니다""…경산시, 웰컴키즈존 참여 업소 모집",,https://www.asiatoday.co.kr/view.php?key=20250226010013980,아시아투데이,2025.02.26.,Y,https://search.pstatic.net/common/?src=https%3A%2F%2Fimgnews.pstatic.net%2Fimage%2Forigin%2F5268%2F2025%2F02%2F26%2F2044704.jpg&type=ofullfill208_208_empty&expire=2&refresh=true
101,“아이 데리고 제주 가겠나” 전국 20%는 제주에 몰려있는 이곳,https://n.news.naver.com/mnews/article/021/0002694406?sid=102,https://www.munhwa.com/news/view.html?no=2025030601039910289001,문화일보,2025.03.06.,Y,https://search.pstatic.net/common/?src=https%3A%2F%2Fimgnews.pstatic.net%2Fimage%2Forigin%2F021%2F2025%2F03%2F06%2F2694406.jpg&type=f200_200&expire=2&refresh=true
102,[오늘의 채널A]“우리 아이가 왕”… 민폐 가르치는 부모들,,https://www.donga.com/news/Entertainment/article/all/20250304/131135964/2,동아일보,2025.03.04.,Y,https://search.pstatic.net/common/?src=https%3A%2F%2Fmimgnews.pstatic.net%2Fimage%2Fupload%2Foffice_logo%2F020%2F2017%2F01%2F05%2Flogo_020_18_20170105111205.png&type=f54_54&expire=24&refresh=true
103,"싱글에게 부모의 마음을 바라는 건 무리일까요?…저출생 사회, 배려도 ...",https://n.news.naver.com/mnews/article/022/0004017475?sid=102,http://www.segye.com/newsView/20250310507022?OutUrl=naver,세계일보,2025.03.10.,Y,https://search.pstatic.net/common/?src=https%3A%2F%2Fimgnews.pstatic.net%2Fimage%2Forigin%2F022%2F2025%2F03%2F10%2F4017475.jpg&type=f200_200&expire=2&refresh=true
104,"권광택 경북도의회 행복위 위원장, 저출생 문제 해결 위한 현안 점검과...",https://n.news.naver.com/mnews/article/081/0003525775?sid=102,https://www.seoul.co.kr/news/publicnews/local_govern/news_local/2025/03/17/20250317500187?wlog_tag3=naver,서울신문,2025.03.17.,Y,https://search.pstatic.net/common/?src=https%3A%2F%2Fimgnews.pstatic.net%2Fimage%2Forigin%2F081%2F2025%2F03%2F17%2F3525775.jpg&type=f200_200&expire=2&refresh=true
105,"'키즈 퍼스트'… 경북도, 저출생 유발 문화 바꾸기 캠페인 나섰다",https://n.news.naver.com/mnews/article/469/0000855406?sid=102,https://www.hankookilbo.com/News/Read/A2025032408490005829?did=NA,한국일보,2025.03.24.,Y,https://search.pstatic.net/common/?src=https%3A%2F%2Fimgnews.pstatic.net%2Fimage%2Forigin%2F469%2F2025%2F03%2F24%2F855406.jpg&type=f200_200&expire=2&refresh=true
106,"공산당원들의 “예스(Yes), 셋째!” 시작됐다 [사이공모닝]",https://n.news.naver.com/mnews/article/023/0003896524?sid=101,https://www.chosun.com/economy/market_trend/2025/03/31/DATJKMC3YBECNKT2VPOE3ZFVGA/?utm_source=naver&utm_medium=referral&utm_campaign=naver-news,조선일보,2025.03.31.,Y,https://search.pstatic.net/common/?src=https%3A%2F%2Fimgnews.pstatic.net%2Fimage%2Forigin%2F023%2F2025%2F03%2F31%2F3896524.jpg&type=f200_200&expire=2&refresh=true
107,진열된 빵에 혀 슬쩍…“이러니까 노키즈존 하지”,https://n.news.naver.com/mnews/article/021/0002702764?sid=102,https://www.munhwa.com/article/11498591?ref=naver,문화일보,2025.04.13.,Y,https://search.pstatic.net/common/?src=https%3A%2F%2Fimgnews.pstatic.net%2Fimage%2Forigin%2F021%2F2025%2F04%2F13%2F2702764.jpg&type=f200_200&expire=2&refresh=true
108,"진열된 빵에 혀 '낼름'…논란의 빵집, 결국 모든 빵 덮개 씌웠다",https://n.news.naver.com/mnews/article/025/0003434905?sid=102,https://www.joongang.co.kr/article/25329393,중앙일보,2025.04.17.,Y,https://search.pstatic.net/common/?src=https%3A%2F%2Fimgnews.pstatic.net%2Fimage%2Forigin%2F025%2F2025%2F04%2F17%2F3434905.jpg&type=f200_200&expire=2&refresh=true
109,로봇·난민·퀴어 청소년까지 어린이책이 품은 ‘오늘의 세계’ [.txt],https://n.news.naver.com/mnews/article/028/0002741630?sid=103,https://www.hani.co.kr/arti/culture/book/1193111.html,한겨레,2025.04.18.,Y,https://search.pstatic.net/common/?src=https%3A%2F%2Fimgnews.pstatic.net%2Fimage%2Forigin%2F028%2F2025%2F04%2F18%2F2741630.jpg&type=f200_200&expire=2&refresh=true
110,진열된 빵에 아이가 혀 ‘할짝’…서울 유명 빵집 관리 논란 [e글e글],https://n.news.naver.com/mnews/article/020/0003628032?sid=102,https://www.donga.com/news/Society/article/all/20250414/131408276/2,동아일보,2025.04.14.,Y,https://search.pstatic.net/common/?src=https%3A%2F%2Fimgnews.pstatic.net%2Fimage%2Forigin%2F020%2F2025%2F04%2F14%2F3628032.jpg&type=f200_200&expire=2&refresh=true
111,"미혼남녀 10명 중 4~5명 “결혼 의향 없거나 망설여”, 상대성별 바라는...",https://n.news.naver.com/mnews/article/032/0003363207?sid=102,https://www.khan.co.kr/article/202504141543001,경향신문,2025.04.14.,Y,https://search.pstatic.net/common/?src=https%3A%2F%2Fimgnews.pstatic.net%2Fimage%2Forigin%2F032%2F2025%2F04%2F14%2F3363207.jpg&type=f200_200&expire=2&refresh=true
112,"[SNS줍줍] 진열 된 빵에 혀 ‘날름’… 아이 아빠 반응에 누리꾼 ""부끄러...",,https://www.asiatoday.co.kr/view.php?key=20250415001527247,아시아투데이,2025.04.15.,Y,https://search.pstatic.net/common/?src=https%3A%2F%2Fimgnews.pstatic.net%2Fimage%2Forigin%2F5268%2F2025%2F04%2F15%2F2058342.jpg&type=f200_200&expire=2&refresh=true
113,"""아이 손 잡고 걱정 없이""…동대문구, '키즈 오케이존' 더 늘린다",,https://www.asiatoday.co.kr/view.php?key=20250423010014042,아시아투데이,2025.04.23.,Y,https://search.pstatic.net/common/?src=https%3A%2F%2Fimgnews.pstatic.net%2Fimage%2Forigin%2F5268%2F2025%2F04%2F23%2F2060980.jpg&type=ofullfill208_208_empty&expire=2&refresh=true
114,44년 딩동댕 유치원이 ‘실험정신상’을 받은 이유,,https://www.hani.co.kr/arti/culture/entertainment/1193561.html,한겨레,2025.04.21.,Y,https://search.pstatic.net/common/?src=https%3A%2F%2Fimgnews.pstatic.net%2Fimage%2Forigin%2F028%2F2025%2F04%2F21%2F2742043.jpg&type=f200_200&expire=2&refresh=true
115,"“노키즈존 그냥 두면, ‘노노인존’ ‘노성인존’ 생길지도 몰라요”",https://n.news.naver.com/mnews/article/028/0002744004?sid=102,https://www.hani.co.kr/arti/society/women/1195543.html,한겨레,2025.05.02.,Y,https://search.pstatic.net/common/?src=https%3A%2F%2Fimgnews.pstatic.net%2Fimage%2Forigin%2F028%2F2025%2F05%2F02%2F2744004.jpg&type=f200_200&expire=2&refresh=true
116,통유리 카페서 누운채 애정행각…“어린 손님도 많은데” [e글e글],https://n.news.naver.com/mnews/article/020/0003631785?sid=102,https://www.donga.com/news/Society/article/all/20250429/131512797/2,동아일보,2025.04.29.,Y,https://search.pstatic.net/common/?src=https%3A%2F%2Fimgnews.pstatic.net%2Fimage%2Forigin%2F020%2F2025%2F04%2F29%2F3631785.jpg&type=f200_200&expire=2&refresh=true
117,"약자 앞에, 어른 편의 위해 외치는 ‘노’는 NO![언어의 업데이트]",https://n.news.naver.com/mnews/article/032/0003367285?sid=103,https://www.khan.co.kr/article/202505031200005,경향신문,2025.05.03.,Y,https://search.pstatic.net/common/?src=https%3A%2F%2Fimgnews.pstatic.net%2Fimage%2Forigin%2F032%2F2025%2F05%2F03%2F3367285.jpg&type=f200_200&expire=2&refresh=true
118,“엘리베이터 버튼 양보하는 어른”···당신은 어린이에게 좋은 사람...,https://n.news.naver.com/mnews/article/032/0003367552?sid=102,https://www.khan.co.kr/article/202505051645001,경향신문,2025.05.05.,Y,https://search.pstatic.net/common/?src=https%3A%2F%2Fimgnews.pstatic.net%2Fimage%2Forigin%2F032%2F2025%2F05%2F05%2F3367552.jpg&type=f200_200&expire=2&refresh=true
119,인구 10명 중 1명만 어린이인 나라에 ‘노키즈존’ [이미지의 포에버 육...,https://n.news.naver.com/mnews/article/020/0003634049?sid=102,https://www.donga.com/news/Society/article/all/20250509/131571264/1,동아일보,2025.05.10.,Y,https://search.pstatic.net/common/?src=https%3A%2F%2Fimgnews.pstatic.net%2Fimage%2Forigin%2F020%2F2025%2F05%2F10%2F3634049.jpg&type=f200_200&expire=2&refresh=true
120,"""노키즈존 금지"" ""쉬는 시간 확대"" 아이들은 이런 대선 공약 원했다",https://n.news.naver.com/mnews/article/025/0003439857?sid=102,https://www.joongang.co.kr/article/25334902,중앙일보,2025.05.10.,Y,https://search.pstatic.net/common/?src=https%3A%2F%2Fimgnews.pstatic.net%2Fimage%2Forigin%2F025%2F2025%2F05%2F10%2F3439857.jpg&type=f200_200&expire=2&refresh=true
121,"스타벅스, 어린이 동반 가족 위한 매장 열었다...세종에 가족 휴게실 넣...",https://n.news.naver.com/mnews/article/023/0003908302?sid=101,https://www.chosun.com/economy/market_trend/2025/05/30/5BDHOZQUWBA5TDHWK2AQ77R65A/?utm_source=naver&utm_medium=referral&utm_campaign=naver-news,조선일보,,N,https://search.pstatic.net/common/?src=https%3A%2F%2Fimgnews.pstatic.net%2Fimage%2Forigin%2F023%2F2025%2F05%2F30%2F3908302.jpg&type=f200_200&expire=2&refresh=true
